"","Comparison","Transformation","Taxa_Grouping","Size_Grouping","Environment_Grouping","R2","P_Value","n_samples"
"cor","PCR vs. Raw","none","Calanoida","0.2-1","offshore",0.0103229849199662,0.506619932693903,45
"cor1","PCR vs. Raw","none","Calanoida","0.2-1","onshore",0.000223025170279957,0.91975353176951,48
"cor2","PCR vs. Raw","none","Calanoida","0.2-1","All",0.00154943498897635,0.707948348291406,93
"cor3","PCR vs. Raw","none","Calanoida","1-2","offshore",0.00997644486558061,0.55641118258922,37
"cor4","PCR vs. Raw","none","Calanoida","1-2","onshore",0.0151334698822845,0.404845112888963,48
"cor5","PCR vs. Raw","none","Calanoida","1-2","All",0.0133046255331359,0.293165620567039,85
"cor6","PCR vs. Raw","none","Calanoida","All","offshore",0.00940695040280881,0.38602991132618,82
"cor7","PCR vs. Raw","none","Calanoida","All","onshore",0.0035283121002575,0.565373177469347,96
"cor8","PCR vs. Raw","none","Calanoida","All","All",0.0056315770477816,0.319463767164428,178
"1","PCR vs. Raw","none","other","0.2-1","offshore",NA,NA,0
"11","PCR vs. Raw","none","other","0.2-1","onshore",NA,NA,0
"12","PCR vs. Raw","none","other","0.2-1","All",NA,NA,0
"13","PCR vs. Raw","none","other","1-2","offshore",NA,NA,0
"14","PCR vs. Raw","none","other","1-2","onshore",NA,NA,0
"15","PCR vs. Raw","none","other","1-2","All",NA,NA,0
"16","PCR vs. Raw","none","other","All","offshore",NA,NA,0
"17","PCR vs. Raw","none","other","All","onshore",NA,NA,0
"18","PCR vs. Raw","none","other","All","All",NA,NA,0
"cor9","PCR vs. Raw","none","Eucalanidae","0.2-1","offshore",0.760122290507776,0.0539986290439427,5
"cor10","PCR vs. Raw","none","Eucalanidae","0.2-1","onshore",0.496041197154118,0.18422036965316,5
"cor11","PCR vs. Raw","none","Eucalanidae","0.2-1","All",0.366355561259822,0.063708856550172,10
"cor12","PCR vs. Raw","none","Eucalanidae","1-2","offshore",0.275448696321289,0.226476005051039,7
"cor13","PCR vs. Raw","none","Eucalanidae","1-2","onshore",0.152600212745641,0.298572163973446,9
"cor14","PCR vs. Raw","none","Eucalanidae","1-2","All",0.0830009702526791,0.279222245225721,16
"cor15","PCR vs. Raw","none","Eucalanidae","All","offshore",0.109934868907515,0.292416714783456,12
"cor16","PCR vs. Raw","none","Eucalanidae","All","onshore",0.097972621077256,0.275869390972214,14
"cor17","PCR vs. Raw","none","Eucalanidae","All","All",0.0725171175246753,0.183414505390652,26
"cor18","PCR vs. Raw","none","Euphausiacea","0.2-1","offshore",0.846205598880542,0.00936835920439007,6
"cor19","PCR vs. Raw","none","Euphausiacea","0.2-1","onshore",0.190462565168113,0.327601801275955,7
"cor20","PCR vs. Raw","none","Euphausiacea","0.2-1","All",0.222798598068209,0.103406501815799,13
"19","PCR vs. Raw","none","Euphausiacea","1-2","offshore",NA,NA,2
"cor21","PCR vs. Raw","none","Euphausiacea","1-2","onshore",0.430012462839574,0.344246644812568,4
"cor22","PCR vs. Raw","none","Euphausiacea","1-2","All",0.00110566112008514,0.950141157972363,6
"cor23","PCR vs. Raw","none","Euphausiacea","All","offshore",0.000282266826812838,0.968504430386696,8
"cor24","PCR vs. Raw","none","Euphausiacea","All","onshore",0.0644273363530431,0.451363538564128,11
"cor25","PCR vs. Raw","none","Euphausiacea","All","All",0.0315476366254375,0.466939678797221,19
"cor26","PCR vs. Raw","none","Oithonidae","0.2-1","offshore",0.0488416236230936,0.598917239290565,8
"cor27","PCR vs. Raw","none","Oithonidae","0.2-1","onshore",0.000782562462899272,0.958049468950656,6
"cor28","PCR vs. Raw","none","Oithonidae","0.2-1","All",0.0113615156392159,0.716846357113413,14
"110","PCR vs. Raw","none","Oithonidae","1-2","offshore",NA,NA,1
"111","PCR vs. Raw","none","Oithonidae","1-2","onshore",NA,NA,2
"cor29","PCR vs. Raw","none","Oithonidae","1-2","All",0.99662548009663,0.0370024668874254,3
"cor30","PCR vs. Raw","none","Oithonidae","All","offshore",0.00884631426598624,0.809799934610483,9
"cor31","PCR vs. Raw","none","Oithonidae","All","onshore",0.0198051242121277,0.739593261049575,8
"cor32","PCR vs. Raw","none","Oithonidae","All","All",0.0315789970600874,0.495018366993403,17
"112","PCR vs. Raw","none","Salpida","0.2-1","offshore",NA,NA,0
"113","PCR vs. Raw","none","Salpida","0.2-1","onshore",NA,NA,0
"114","PCR vs. Raw","none","Salpida","0.2-1","All",NA,NA,0
"115","PCR vs. Raw","none","Salpida","1-2","offshore",NA,NA,0
"116","PCR vs. Raw","none","Salpida","1-2","onshore",NA,NA,0
"117","PCR vs. Raw","none","Salpida","1-2","All",NA,NA,0
"118","PCR vs. Raw","none","Salpida","All","offshore",NA,NA,0
"119","PCR vs. Raw","none","Salpida","All","onshore",NA,NA,0
"120","PCR vs. Raw","none","Salpida","All","All",NA,NA,0
"cor33","PCR vs. Raw","none","All","0.2-1","offshore",0.128686497432171,7.56792896566189e-06,148
"cor34","PCR vs. Raw","none","All","0.2-1","onshore",0.000703394642487128,0.760985553608971,134
"cor35","PCR vs. Raw","none","All","0.2-1","All",0.016249543354654,0.0323647527927919,282
"cor36","PCR vs. Raw","none","All","1-2","offshore",0.110913974943928,0.000138715254390942,126
"cor37","PCR vs. Raw","none","All","1-2","onshore",0.00151676709628788,0.638386524110492,148
"cor38","PCR vs. Raw","none","All","1-2","All",0.0151817075852964,0.0415495657499959,274
"cor39","PCR vs. Raw","none","All","All","offshore",0.112353076058997,1.28205200757709e-08,274
"cor40","PCR vs. Raw","none","All","All","onshore",0.000133456635849212,0.846848070306034,282
"cor41","PCR vs. Raw","none","All","All","All",0.0187139494150674,0.00122229366710119,556
"cor42","PCR vs. Raw","log10","Calanoida","0.2-1","offshore",0.0088571565089959,0.538602744601682,45
"cor43","PCR vs. Raw","log10","Calanoida","0.2-1","onshore",0.00107682170658323,0.824768977303577,48
"cor44","PCR vs. Raw","log10","Calanoida","0.2-1","All",0.00266227885324534,0.623296470993011,93
"cor45","PCR vs. Raw","log10","Calanoida","1-2","offshore",0.0130982174311868,0.500003470899689,37
"cor46","PCR vs. Raw","log10","Calanoida","1-2","onshore",0.0120287940259875,0.458044941629625,48
"cor47","PCR vs. Raw","log10","Calanoida","1-2","All",0.0132173648978969,0.294764683504749,85
"cor48","PCR vs. Raw","log10","Calanoida","All","offshore",0.0105389449008103,0.358735880987048,82
"cor49","PCR vs. Raw","log10","Calanoida","All","onshore",0.00432590857969076,0.524335864339269,96
"cor50","PCR vs. Raw","log10","Calanoida","All","All",0.00685105716318359,0.272025398590765,178
"121","PCR vs. Raw","log10","other","0.2-1","offshore",NA,NA,0
"122","PCR vs. Raw","log10","other","0.2-1","onshore",NA,NA,0
"123","PCR vs. Raw","log10","other","0.2-1","All",NA,NA,0
"124","PCR vs. Raw","log10","other","1-2","offshore",NA,NA,0
"125","PCR vs. Raw","log10","other","1-2","onshore",NA,NA,0
"126","PCR vs. Raw","log10","other","1-2","All",NA,NA,0
"127","PCR vs. Raw","log10","other","All","offshore",NA,NA,0
"128","PCR vs. Raw","log10","other","All","onshore",NA,NA,0
"129","PCR vs. Raw","log10","other","All","All",NA,NA,0
"cor51","PCR vs. Raw","log10","Eucalanidae","0.2-1","offshore",0.739925706125614,0.0614214608409129,5
"cor52","PCR vs. Raw","log10","Eucalanidae","0.2-1","onshore",0.478420158757508,0.19572914152243,5
"cor53","PCR vs. Raw","log10","Eucalanidae","0.2-1","All",0.316857047405843,0.0902362415282435,10
"cor54","PCR vs. Raw","log10","Eucalanidae","1-2","offshore",0.255029862625307,0.247679078183138,7
"cor55","PCR vs. Raw","log10","Eucalanidae","1-2","onshore",0.132046101440826,0.336420742914963,9
"cor56","PCR vs. Raw","log10","Eucalanidae","1-2","All",0.0720998254300451,0.314629022945179,16
"cor57","PCR vs. Raw","log10","Eucalanidae","All","offshore",0.102237229568711,0.310991110852874,12
"cor58","PCR vs. Raw","log10","Eucalanidae","All","onshore",0.0961822167839276,0.280537244222403,14
"cor59","PCR vs. Raw","log10","Eucalanidae","All","All",0.06546047641994,0.207107322251529,26
"cor60","PCR vs. Raw","log10","Euphausiacea","0.2-1","offshore",0.86178097984171,0.00752255662033465,6
"cor61","PCR vs. Raw","log10","Euphausiacea","0.2-1","onshore",0.177753192903362,0.3461351148951,7
"cor62","PCR vs. Raw","log10","Euphausiacea","0.2-1","All",0.232841820604527,0.0949013762777486,13
"130","PCR vs. Raw","log10","Euphausiacea","1-2","offshore",NA,NA,2
"cor63","PCR vs. Raw","log10","Euphausiacea","1-2","onshore",0.434243014381087,0.341028821281927,4
"cor64","PCR vs. Raw","log10","Euphausiacea","1-2","All",0.0112309781028676,0.841630645065973,6
"cor65","PCR vs. Raw","log10","Euphausiacea","All","offshore",0.00147271298116433,0.928115722086915,8
"cor66","PCR vs. Raw","log10","Euphausiacea","All","onshore",0.0581370922835325,0.47508048738527,11
"cor67","PCR vs. Raw","log10","Euphausiacea","All","All",0.0241190347823293,0.525517633047766,19
"cor68","PCR vs. Raw","log10","Oithonidae","0.2-1","offshore",0.0588309230676413,0.562739180919163,8
"cor69","PCR vs. Raw","log10","Oithonidae","0.2-1","onshore",0.00172285321458533,0.937774854950176,6
"cor70","PCR vs. Raw","log10","Oithonidae","0.2-1","All",0.00806084479185245,0.760190578296796,14
"131","PCR vs. Raw","log10","Oithonidae","1-2","offshore",NA,NA,1
"132","PCR vs. Raw","log10","Oithonidae","1-2","onshore",NA,NA,2
"cor71","PCR vs. Raw","log10","Oithonidae","1-2","All",0.99567373228785,0.0419035157022377,3
"cor72","PCR vs. Raw","log10","Oithonidae","All","offshore",0.0136825209065796,0.764406320879344,9
"cor73","PCR vs. Raw","log10","Oithonidae","All","onshore",0.0151370348048979,0.771631132841667,8
"cor74","PCR vs. Raw","log10","Oithonidae","All","All",0.0260804151397593,0.535767355665964,17
"133","PCR vs. Raw","log10","Salpida","0.2-1","offshore",NA,NA,0
"134","PCR vs. Raw","log10","Salpida","0.2-1","onshore",NA,NA,0
"135","PCR vs. Raw","log10","Salpida","0.2-1","All",NA,NA,0
"136","PCR vs. Raw","log10","Salpida","1-2","offshore",NA,NA,0
"137","PCR vs. Raw","log10","Salpida","1-2","onshore",NA,NA,0
"138","PCR vs. Raw","log10","Salpida","1-2","All",NA,NA,0
"139","PCR vs. Raw","log10","Salpida","All","offshore",NA,NA,0
"140","PCR vs. Raw","log10","Salpida","All","onshore",NA,NA,0
"141","PCR vs. Raw","log10","Salpida","All","All",NA,NA,0
"cor75","PCR vs. Raw","log10","All","0.2-1","offshore",0.154685863815037,7.61783114986997e-07,148
"cor76","PCR vs. Raw","log10","All","0.2-1","onshore",0.000538470160936788,0.790134396957249,134
"cor77","PCR vs. Raw","log10","All","0.2-1","All",0.0191964509974434,0.0199347497398072,282
"cor78","PCR vs. Raw","log10","All","1-2","offshore",0.0876034167281705,0.000765533947725346,126
"cor79","PCR vs. Raw","log10","All","1-2","onshore",0.0021810909442178,0.572994723725719,148
"cor80","PCR vs. Raw","log10","All","1-2","All",0.0112653537060382,0.0794599975607554,274
"cor81","PCR vs. Raw","log10","All","All","offshore",0.108251113113695,2.44246385052372e-08,274
"cor82","PCR vs. Raw","log10","All","All","onshore",7.17953391748707e-06,0.964269837537375,282
"cor83","PCR vs. Raw","log10","All","All","All",0.0175024604581415,0.00177053791469479,556
"cor84","PCR vs. Raw","arcsinsqrt","Calanoida","0.2-1","offshore",0.00867113587747541,0.542917560375157,45
"cor85","PCR vs. Raw","arcsinsqrt","Calanoida","0.2-1","onshore",0.00177850313031214,0.775948189839947,48
"cor86","PCR vs. Raw","arcsinsqrt","Calanoida","0.2-1","All",0.00276392492452118,0.61673331453494,93
"cor87","PCR vs. Raw","arcsinsqrt","Calanoida","1-2","offshore",0.031124732748416,0.296244125331705,37
"cor88","PCR vs. Raw","arcsinsqrt","Calanoida","1-2","onshore",0.0125911316316177,0.447657853228853,48
"cor89","PCR vs. Raw","arcsinsqrt","Calanoida","1-2","All",0.0210402425081086,0.185325503532766,85
"cor90","PCR vs. Raw","arcsinsqrt","Calanoida","All","offshore",0.0194361639617933,0.211601461277181,82
"cor91","PCR vs. Raw","arcsinsqrt","Calanoida","All","onshore",0.00515635701794579,0.48689768637986,96
"cor92","PCR vs. Raw","arcsinsqrt","Calanoida","All","All",0.00956382029498247,0.19405784774058,178
"142","PCR vs. Raw","arcsinsqrt","other","0.2-1","offshore",NA,NA,0
"143","PCR vs. Raw","arcsinsqrt","other","0.2-1","onshore",NA,NA,0
"144","PCR vs. Raw","arcsinsqrt","other","0.2-1","All",NA,NA,0
"145","PCR vs. Raw","arcsinsqrt","other","1-2","offshore",NA,NA,0
"146","PCR vs. Raw","arcsinsqrt","other","1-2","onshore",NA,NA,0
"147","PCR vs. Raw","arcsinsqrt","other","1-2","All",NA,NA,0
"148","PCR vs. Raw","arcsinsqrt","other","All","offshore",NA,NA,0
"149","PCR vs. Raw","arcsinsqrt","other","All","onshore",NA,NA,0
"150","PCR vs. Raw","arcsinsqrt","other","All","All",NA,NA,0
"cor93","PCR vs. Raw","arcsinsqrt","Eucalanidae","0.2-1","offshore",0.614705402830688,0.116499615981613,5
"cor94","PCR vs. Raw","arcsinsqrt","Eucalanidae","0.2-1","onshore",0.67324899338469,0.0887799318168065,5
"cor95","PCR vs. Raw","arcsinsqrt","Eucalanidae","0.2-1","All",0.478966062686468,0.0265822069190763,10
"cor96","PCR vs. Raw","arcsinsqrt","Eucalanidae","1-2","offshore",0.382511783882936,0.13873752088931,7
"cor97","PCR vs. Raw","arcsinsqrt","Eucalanidae","1-2","onshore",0.142710148088688,0.316160243716597,9
"cor98","PCR vs. Raw","arcsinsqrt","Eucalanidae","1-2","All",0.130446833621783,0.169306278524688,16
"cor99","PCR vs. Raw","arcsinsqrt","Eucalanidae","All","offshore",0.11492405752072,0.281052914275308,12
"cor100","PCR vs. Raw","arcsinsqrt","Eucalanidae","All","onshore",0.149268927045337,0.172403942110299,14
"cor101","PCR vs. Raw","arcsinsqrt","Eucalanidae","All","All",0.131722514845871,0.0684079882310529,26
"cor102","PCR vs. Raw","arcsinsqrt","Euphausiacea","0.2-1","offshore",0.950325959635943,0.000941080574301148,6
"cor103","PCR vs. Raw","arcsinsqrt","Euphausiacea","0.2-1","onshore",0.22771600917966,0.278882505722204,7
"cor104","PCR vs. Raw","arcsinsqrt","Euphausiacea","0.2-1","All",0.19498082476696,0.130895245709318,13
"151","PCR vs. Raw","arcsinsqrt","Euphausiacea","1-2","offshore",NA,NA,2
"cor105","PCR vs. Raw","arcsinsqrt","Euphausiacea","1-2","onshore",0.333786405695996,0.422257491873762,4
"cor106","PCR vs. Raw","arcsinsqrt","Euphausiacea","1-2","All",0.0338986105034806,0.726947004596337,6
"cor107","PCR vs. Raw","arcsinsqrt","Euphausiacea","All","offshore",0.00335651940365024,0.891613814276558,8
"cor108","PCR vs. Raw","arcsinsqrt","Euphausiacea","All","onshore",0.0870516650530557,0.378423057453931,11
"cor109","PCR vs. Raw","arcsinsqrt","Euphausiacea","All","All",0.0324696983531726,0.460394379478504,19
"cor110","PCR vs. Raw","arcsinsqrt","Oithonidae","0.2-1","offshore",0.0713884236738612,0.522357893290492,8
"cor111","PCR vs. Raw","arcsinsqrt","Oithonidae","0.2-1","onshore",0.00867697763420481,0.86067868760327,6
"cor112","PCR vs. Raw","arcsinsqrt","Oithonidae","0.2-1","All",0.000799334138151856,0.92356732800426,14
"152","PCR vs. Raw","arcsinsqrt","Oithonidae","1-2","offshore",NA,NA,1
"153","PCR vs. Raw","arcsinsqrt","Oithonidae","1-2","onshore",NA,NA,2
"cor113","PCR vs. Raw","arcsinsqrt","Oithonidae","1-2","All",0.959610092267963,0.128820315629126,3
"cor114","PCR vs. Raw","arcsinsqrt","Oithonidae","All","offshore",0.00382320432760797,0.874437379691901,9
"cor115","PCR vs. Raw","arcsinsqrt","Oithonidae","All","onshore",0.0201755057635177,0.737234540681716,8
"cor116","PCR vs. Raw","arcsinsqrt","Oithonidae","All","All",0.0260095788801001,0.536329204110719,17
"154","PCR vs. Raw","arcsinsqrt","Salpida","0.2-1","offshore",NA,NA,0
"155","PCR vs. Raw","arcsinsqrt","Salpida","0.2-1","onshore",NA,NA,0
"156","PCR vs. Raw","arcsinsqrt","Salpida","0.2-1","All",NA,NA,0
"157","PCR vs. Raw","arcsinsqrt","Salpida","1-2","offshore",NA,NA,0
"158","PCR vs. Raw","arcsinsqrt","Salpida","1-2","onshore",NA,NA,0
"159","PCR vs. Raw","arcsinsqrt","Salpida","1-2","All",NA,NA,0
"160","PCR vs. Raw","arcsinsqrt","Salpida","All","offshore",NA,NA,0
"161","PCR vs. Raw","arcsinsqrt","Salpida","All","onshore",NA,NA,0
"162","PCR vs. Raw","arcsinsqrt","Salpida","All","All",NA,NA,0
"cor117","PCR vs. Raw","arcsinsqrt","All","0.2-1","offshore",0.150698985110434,1.08705054120079e-06,148
"cor118","PCR vs. Raw","arcsinsqrt","All","0.2-1","onshore",0.00122677187315328,0.687851808850794,134
"cor119","PCR vs. Raw","arcsinsqrt","All","0.2-1","All",0.0171527103977792,0.0278747748714804,282
"cor120","PCR vs. Raw","arcsinsqrt","All","1-2","offshore",0.0443328083771913,0.0179573275649927,126
"cor121","PCR vs. Raw","arcsinsqrt","All","1-2","onshore",0.00323167373046424,0.49253980693831,148
"cor122","PCR vs. Raw","arcsinsqrt","All","1-2","All",0.00289911001503147,0.374628835375613,274
"cor123","PCR vs. Raw","arcsinsqrt","All","All","offshore",0.0752530782296946,4.04977675733223e-06,274
"cor124","PCR vs. Raw","arcsinsqrt","All","All","onshore",0.000425035574882857,0.730314678312295,282
"cor125","PCR vs. Raw","arcsinsqrt","All","All","All",0.0127982062229428,0.00758242836370758,556
"cor126","PCR vs. Zooscan","none","Calanoida","0.2-1","offshore",0.0210490867951019,0.341653504455545,45
"cor127","PCR vs. Zooscan","none","Calanoida","0.2-1","onshore",0.00940758200395403,0.511939484085955,48
"cor128","PCR vs. Zooscan","none","Calanoida","0.2-1","All",0.0030336985996291,0.600016111282671,93
"cor129","PCR vs. Zooscan","none","Calanoida","1-2","offshore",0.000137827084711701,0.945019263059656,37
"cor130","PCR vs. Zooscan","none","Calanoida","1-2","onshore",0.00529715532880659,0.622997544539253,48
"cor131","PCR vs. Zooscan","none","Calanoida","1-2","All",0.000481280460379902,0.842037018347916,85
"cor132","PCR vs. Zooscan","none","Calanoida","All","offshore",0.00136498668809529,0.741751940056157,82
"cor133","PCR vs. Zooscan","none","Calanoida","All","onshore",2.88392720583603e-05,0.958585816362474,96
"cor134","PCR vs. Zooscan","none","Calanoida","All","All",9.29683606150404e-05,0.898357011581622,178
"163","PCR vs. Zooscan","none","other","0.2-1","offshore",NA,NA,0
"164","PCR vs. Zooscan","none","other","0.2-1","onshore",NA,NA,0
"165","PCR vs. Zooscan","none","other","0.2-1","All",NA,NA,0
"166","PCR vs. Zooscan","none","other","1-2","offshore",NA,NA,0
"167","PCR vs. Zooscan","none","other","1-2","onshore",NA,NA,0
"168","PCR vs. Zooscan","none","other","1-2","All",NA,NA,0
"169","PCR vs. Zooscan","none","other","All","offshore",NA,NA,0
"170","PCR vs. Zooscan","none","other","All","onshore",NA,NA,0
"171","PCR vs. Zooscan","none","other","All","All",NA,NA,0
"cor135","PCR vs. Zooscan","none","Eucalanidae","0.2-1","offshore",0.134819803810577,0.543222476254349,5
"cor136","PCR vs. Zooscan","none","Eucalanidae","0.2-1","onshore",0.375208718411038,0.272056899464869,5
"cor137","PCR vs. Zooscan","none","Eucalanidae","0.2-1","All",0.243284394928714,0.147437476394394,10
"cor138","PCR vs. Zooscan","none","Eucalanidae","1-2","offshore",0.1333610262988,0.42053909143586,7
"cor139","PCR vs. Zooscan","none","Eucalanidae","1-2","onshore",0.0276690280831065,0.668851165719274,9
"cor140","PCR vs. Zooscan","none","Eucalanidae","1-2","All",0.00106003055118442,0.904721628821767,16
"cor141","PCR vs. Zooscan","none","Eucalanidae","All","offshore",0.000859715537286168,0.927925731120602,12
"cor142","PCR vs. Zooscan","none","Eucalanidae","All","onshore",0.0174513103400719,0.652578041140988,14
"cor143","PCR vs. Zooscan","none","Eucalanidae","All","All",0.0104232025210403,0.61969888913714,26
"cor144","PCR vs. Zooscan","none","Euphausiacea","0.2-1","offshore",0.063493411180504,0.630031018454086,6
"cor145","PCR vs. Zooscan","none","Euphausiacea","0.2-1","onshore",0.0144043061378944,0.797715469302159,7
"cor146","PCR vs. Zooscan","none","Euphausiacea","0.2-1","All",0.0329853957211878,0.552627188338547,13
"172","PCR vs. Zooscan","none","Euphausiacea","1-2","offshore",NA,NA,2
"cor147","PCR vs. Zooscan","none","Euphausiacea","1-2","onshore",0.31684562934816,0.437109576073495,4
"cor148","PCR vs. Zooscan","none","Euphausiacea","1-2","All",0.0191451264585607,0.793775643836689,6
"cor149","PCR vs. Zooscan","none","Euphausiacea","All","offshore",0.0300559101761981,0.681392618633218,8
"cor150","PCR vs. Zooscan","none","Euphausiacea","All","onshore",0.0282197047795887,0.621497277682578,11
"cor151","PCR vs. Zooscan","none","Euphausiacea","All","All",0.0039417565273488,0.798461268377851,19
"cor152","PCR vs. Zooscan","none","Oithonidae","0.2-1","offshore",0.00136600502291287,0.930764010518677,8
"cor153","PCR vs. Zooscan","none","Oithonidae","0.2-1","onshore",0.0579272119629278,0.645949892424753,6
"cor154","PCR vs. Zooscan","none","Oithonidae","0.2-1","All",0.0093587635719961,0.742159115694441,14
"173","PCR vs. Zooscan","none","Oithonidae","1-2","offshore",NA,NA,1
"174","PCR vs. Zooscan","none","Oithonidae","1-2","onshore",NA,NA,2
"cor155","PCR vs. Zooscan","none","Oithonidae","1-2","All",0.999477352562365,0.0145553406314578,3
"cor156","PCR vs. Zooscan","none","Oithonidae","All","offshore",0.0196504469739185,0.719062643751579,9
"cor157","PCR vs. Zooscan","none","Oithonidae","All","onshore",0.00105486889981032,0.939145164930308,8
"cor158","PCR vs. Zooscan","none","Oithonidae","All","All",0.0299493594899411,0.506543157086692,17
"175","PCR vs. Zooscan","none","Salpida","0.2-1","offshore",NA,NA,0
"176","PCR vs. Zooscan","none","Salpida","0.2-1","onshore",NA,NA,0
"177","PCR vs. Zooscan","none","Salpida","0.2-1","All",NA,NA,0
"178","PCR vs. Zooscan","none","Salpida","1-2","offshore",NA,NA,0
"179","PCR vs. Zooscan","none","Salpida","1-2","onshore",NA,NA,0
"180","PCR vs. Zooscan","none","Salpida","1-2","All",NA,NA,0
"181","PCR vs. Zooscan","none","Salpida","All","offshore",NA,NA,0
"182","PCR vs. Zooscan","none","Salpida","All","onshore",NA,NA,0
"183","PCR vs. Zooscan","none","Salpida","All","All",NA,NA,0
"cor159","PCR vs. Zooscan","none","All","0.2-1","offshore",0.000239796259514699,0.851816380467367,148
"cor160","PCR vs. Zooscan","none","All","0.2-1","onshore",0.00855653961000883,0.287767300531623,134
"cor161","PCR vs. Zooscan","none","All","0.2-1","All",0.00372190598469382,0.307306721490923,282
"cor162","PCR vs. Zooscan","none","All","1-2","offshore",1.43988097742214e-05,0.96636344727095,126
"cor163","PCR vs. Zooscan","none","All","1-2","onshore",3.09771744936238e-05,0.946473239874722,148
"cor164","PCR vs. Zooscan","none","All","1-2","All",3.91109720619751e-05,0.917925012531747,274
"cor165","PCR vs. Zooscan","none","All","All","offshore",0.000137296618652911,0.846898812700674,274
"cor166","PCR vs. Zooscan","none","All","All","onshore",0.0016247907468804,0.500206071440938,282
"cor167","PCR vs. Zooscan","none","All","All","All",0.000621718948067513,0.557398497381211,556
"cor168","PCR vs. Zooscan","log10","Calanoida","0.2-1","offshore",0.0143960605545687,0.432414103174494,45
"cor169","PCR vs. Zooscan","log10","Calanoida","0.2-1","onshore",0.00253686832469304,0.733877111902717,48
"cor170","PCR vs. Zooscan","log10","Calanoida","0.2-1","All",0.00116855517146051,0.744956749412996,93
"cor171","PCR vs. Zooscan","log10","Calanoida","1-2","offshore",0.00045347048917657,0.900444632198544,37
"cor172","PCR vs. Zooscan","log10","Calanoida","1-2","onshore",0.00915563079234944,0.5176720890343,48
"cor173","PCR vs. Zooscan","log10","Calanoida","1-2","All",1.11626653116464e-05,0.97579029305084,85
"cor174","PCR vs. Zooscan","log10","Calanoida","All","offshore",0.00200218715641604,0.689767882656572,82
"cor175","PCR vs. Zooscan","log10","Calanoida","All","onshore",0.000837692026604292,0.77953480997951,96
"cor176","PCR vs. Zooscan","log10","Calanoida","All","All",3.79321161467257e-05,0.934971234996401,178
"184","PCR vs. Zooscan","log10","other","0.2-1","offshore",NA,NA,0
"185","PCR vs. Zooscan","log10","other","0.2-1","onshore",NA,NA,0
"186","PCR vs. Zooscan","log10","other","0.2-1","All",NA,NA,0
"187","PCR vs. Zooscan","log10","other","1-2","offshore",NA,NA,0
"188","PCR vs. Zooscan","log10","other","1-2","onshore",NA,NA,0
"189","PCR vs. Zooscan","log10","other","1-2","All",NA,NA,0
"190","PCR vs. Zooscan","log10","other","All","offshore",NA,NA,0
"191","PCR vs. Zooscan","log10","other","All","onshore",NA,NA,0
"192","PCR vs. Zooscan","log10","other","All","All",NA,NA,0
"cor177","PCR vs. Zooscan","log10","Eucalanidae","0.2-1","offshore",0.135077942962325,0.542806402508831,5
"cor178","PCR vs. Zooscan","log10","Eucalanidae","0.2-1","onshore",0.350127011079387,0.293228230209767,5
"cor179","PCR vs. Zooscan","log10","Eucalanidae","0.2-1","All",0.229692620312661,0.161047871841104,10
"cor180","PCR vs. Zooscan","log10","Eucalanidae","1-2","offshore",0.148207405091093,0.393776977696272,7
"cor181","PCR vs. Zooscan","log10","Eucalanidae","1-2","onshore",0.0356013897730713,0.626839399442167,9
"cor182","PCR vs. Zooscan","log10","Eucalanidae","1-2","All",0.00188339789811559,0.873207939525959,16
"cor183","PCR vs. Zooscan","log10","Eucalanidae","All","offshore",0.00273687888189036,0.871724247092527,12
"cor184","PCR vs. Zooscan","log10","Eucalanidae","All","onshore",0.021395425282988,0.617800410105469,14
"cor185","PCR vs. Zooscan","log10","Eucalanidae","All","All",0.00986781943321306,0.629233020460205,26
"cor186","PCR vs. Zooscan","log10","Euphausiacea","0.2-1","offshore",0.0584095058558787,0.644537342173032,6
"cor187","PCR vs. Zooscan","log10","Euphausiacea","0.2-1","onshore",0.00358169767377134,0.898581943585923,7
"cor188","PCR vs. Zooscan","log10","Euphausiacea","0.2-1","All",0.0253735693320648,0.603202568080129,13
"193","PCR vs. Zooscan","log10","Euphausiacea","1-2","offshore",NA,NA,2
"cor189","PCR vs. Zooscan","log10","Euphausiacea","1-2","onshore",0.329615779383335,0.425878253866538,4
"cor190","PCR vs. Zooscan","log10","Euphausiacea","1-2","All",0.0322022492528233,0.733714566968732,6
"cor191","PCR vs. Zooscan","log10","Euphausiacea","All","offshore",0.0356693745016464,0.654211860147462,8
"cor192","PCR vs. Zooscan","log10","Euphausiacea","All","onshore",0.0200340611071983,0.678048636389547,11
"cor193","PCR vs. Zooscan","log10","Euphausiacea","All","All",0.00136813624895501,0.880501578171707,19
"cor194","PCR vs. Zooscan","log10","Oithonidae","0.2-1","offshore",0.00270712975172232,0.902619512755448,8
"cor195","PCR vs. Zooscan","log10","Oithonidae","0.2-1","onshore",0.0389799382191455,0.707697905423142,6
"cor196","PCR vs. Zooscan","log10","Oithonidae","0.2-1","All",0.0114887793499428,0.715324805948405,14
"194","PCR vs. Zooscan","log10","Oithonidae","1-2","offshore",NA,NA,1
"195","PCR vs. Zooscan","log10","Oithonidae","1-2","onshore",NA,NA,2
"cor197","PCR vs. Zooscan","log10","Oithonidae","1-2","All",0.999806626588543,0.00885304150545881,3
"cor198","PCR vs. Zooscan","log10","Oithonidae","All","offshore",0.0232969477237499,0.695031397173445,9
"cor199","PCR vs. Zooscan","log10","Oithonidae","All","onshore",0.00403526131572497,0.881213080449733,8
"cor200","PCR vs. Zooscan","log10","Oithonidae","All","All",0.0342323372837685,0.477130974969494,17
"196","PCR vs. Zooscan","log10","Salpida","0.2-1","offshore",NA,NA,0
"197","PCR vs. Zooscan","log10","Salpida","0.2-1","onshore",NA,NA,0
"198","PCR vs. Zooscan","log10","Salpida","0.2-1","All",NA,NA,0
"199","PCR vs. Zooscan","log10","Salpida","1-2","offshore",NA,NA,0
"1100","PCR vs. Zooscan","log10","Salpida","1-2","onshore",NA,NA,0
"1101","PCR vs. Zooscan","log10","Salpida","1-2","All",NA,NA,0
"1102","PCR vs. Zooscan","log10","Salpida","All","offshore",NA,NA,0
"1103","PCR vs. Zooscan","log10","Salpida","All","onshore",NA,NA,0
"1104","PCR vs. Zooscan","log10","Salpida","All","All",NA,NA,0
"cor201","PCR vs. Zooscan","log10","All","0.2-1","offshore",0.000183312510465683,0.870263711587542,148
"cor202","PCR vs. Zooscan","log10","All","0.2-1","onshore",0.00683731664478075,0.3421915730073,134
"cor203","PCR vs. Zooscan","log10","All","0.2-1","All",0.00348819547728244,0.323025514850026,282
"cor204","PCR vs. Zooscan","log10","All","1-2","offshore",7.20357705249342e-09,0.999247425741802,126
"cor205","PCR vs. Zooscan","log10","All","1-2","onshore",5.91011742940123e-06,0.976605740816553,148
"cor206","PCR vs. Zooscan","log10","All","1-2","All",2.74244396278116e-05,0.931236412692049,274
"cor207","PCR vs. Zooscan","log10","All","All","offshore",0.000153360002200479,0.838306570500279,274
"cor208","PCR vs. Zooscan","log10","All","All","onshore",0.00128544075290347,0.548777133174588,282
"cor209","PCR vs. Zooscan","log10","All","All","All",0.000545576073300682,0.582594546646742,556
"cor210","PCR vs. Zooscan","arcsinsqrt","Calanoida","0.2-1","offshore",0.0172331482614701,0.390027329154475,45
"cor211","PCR vs. Zooscan","arcsinsqrt","Calanoida","0.2-1","onshore",0.00408445878214644,0.666068520901629,48
"cor212","PCR vs. Zooscan","arcsinsqrt","Calanoida","0.2-1","All",0.000528944553399905,0.826789026533127,93
"cor213","PCR vs. Zooscan","arcsinsqrt","Calanoida","1-2","offshore",0.0111782402486182,0.53342278591552,37
"cor214","PCR vs. Zooscan","arcsinsqrt","Calanoida","1-2","onshore",0.0012701817181525,0.809953442490593,48
"cor215","PCR vs. Zooscan","arcsinsqrt","Calanoida","1-2","All",0.00320359654719431,0.606891584225941,85
"cor216","PCR vs. Zooscan","arcsinsqrt","Calanoida","All","offshore",0.00034392507431138,0.868652633889619,82
"cor217","PCR vs. Zooscan","arcsinsqrt","Calanoida","All","onshore",0.00150030018309812,0.707898070421049,96
"cor218","PCR vs. Zooscan","arcsinsqrt","Calanoida","All","All",0.000222688640721479,0.843277653887081,178
"1105","PCR vs. Zooscan","arcsinsqrt","other","0.2-1","offshore",NA,NA,0
"1106","PCR vs. Zooscan","arcsinsqrt","other","0.2-1","onshore",NA,NA,0
"1107","PCR vs. Zooscan","arcsinsqrt","other","0.2-1","All",NA,NA,0
"1108","PCR vs. Zooscan","arcsinsqrt","other","1-2","offshore",NA,NA,0
"1109","PCR vs. Zooscan","arcsinsqrt","other","1-2","onshore",NA,NA,0
"1110","PCR vs. Zooscan","arcsinsqrt","other","1-2","All",NA,NA,0
"1111","PCR vs. Zooscan","arcsinsqrt","other","All","offshore",NA,NA,0
"1112","PCR vs. Zooscan","arcsinsqrt","other","All","onshore",NA,NA,0
"1113","PCR vs. Zooscan","arcsinsqrt","other","All","All",NA,NA,0
"cor219","PCR vs. Zooscan","arcsinsqrt","Eucalanidae","0.2-1","offshore",0.258311902247402,0.381937138232904,5
"cor220","PCR vs. Zooscan","arcsinsqrt","Eucalanidae","0.2-1","onshore",0.392913912153661,0.257781562579494,5
"cor221","PCR vs. Zooscan","arcsinsqrt","Eucalanidae","0.2-1","All",0.297910242893693,0.102661809622444,10
"cor222","PCR vs. Zooscan","arcsinsqrt","Eucalanidae","1-2","offshore",0.179742885130776,0.343162071538637,7
"cor223","PCR vs. Zooscan","arcsinsqrt","Eucalanidae","1-2","onshore",0.033403695099191,0.637879721575334,9
"cor224","PCR vs. Zooscan","arcsinsqrt","Eucalanidae","1-2","All",0.00027933777008989,0.951013364676111,16
"cor225","PCR vs. Zooscan","arcsinsqrt","Eucalanidae","All","offshore",0.00348059550790109,0.855484798825395,12
"cor226","PCR vs. Zooscan","arcsinsqrt","Eucalanidae","All","onshore",0.0248399728572885,0.590498791134874,14
"cor227","PCR vs. Zooscan","arcsinsqrt","Eucalanidae","All","All",0.0113116676129915,0.605077910780057,26
"cor228","PCR vs. Zooscan","arcsinsqrt","Euphausiacea","0.2-1","offshore",0.0226662976166449,0.775876285656373,6
"cor229","PCR vs. Zooscan","arcsinsqrt","Euphausiacea","0.2-1","onshore",0.00239939020192729,0.916942634838052,7
"cor230","PCR vs. Zooscan","arcsinsqrt","Euphausiacea","0.2-1","All",0.0094069217614226,0.752604015965489,13
"1114","PCR vs. Zooscan","arcsinsqrt","Euphausiacea","1-2","offshore",NA,NA,2
"cor231","PCR vs. Zooscan","arcsinsqrt","Euphausiacea","1-2","onshore",0.203106026115565,0.549327140693423,4
"cor232","PCR vs. Zooscan","arcsinsqrt","Euphausiacea","1-2","All",0.0861185393350463,0.572446749839876,6
"cor233","PCR vs. Zooscan","arcsinsqrt","Euphausiacea","All","offshore",0.0746558067088339,0.512616609320137,8
"cor234","PCR vs. Zooscan","arcsinsqrt","Euphausiacea","All","onshore",0.00976303171773823,0.772555302036942,11
"cor235","PCR vs. Zooscan","arcsinsqrt","Euphausiacea","All","All",0.00220335131959755,0.848666590812667,19
"cor236","PCR vs. Zooscan","arcsinsqrt","Oithonidae","0.2-1","offshore",0.000468412649932381,0.959432339959202,8
"cor237","PCR vs. Zooscan","arcsinsqrt","Oithonidae","0.2-1","onshore",0.0262865282710475,0.758934122834288,6
"cor238","PCR vs. Zooscan","arcsinsqrt","Oithonidae","0.2-1","All",0.0131096290235576,0.696718884837894,14
"1115","PCR vs. Zooscan","arcsinsqrt","Oithonidae","1-2","offshore",NA,NA,1
"1116","PCR vs. Zooscan","arcsinsqrt","Oithonidae","1-2","onshore",NA,NA,2
"cor239","PCR vs. Zooscan","arcsinsqrt","Oithonidae","1-2","All",0.993814663372779,0.0501199376008778,3
"cor240","PCR vs. Zooscan","arcsinsqrt","Oithonidae","All","offshore",0.0257320534391091,0.680137644746828,9
"cor241","PCR vs. Zooscan","arcsinsqrt","Oithonidae","All","onshore",0.0228335706657327,0.720956223474093,8
"cor242","PCR vs. Zooscan","arcsinsqrt","Oithonidae","All","All",0.0514330740242005,0.381391327843267,17
"1117","PCR vs. Zooscan","arcsinsqrt","Salpida","0.2-1","offshore",NA,NA,0
"1118","PCR vs. Zooscan","arcsinsqrt","Salpida","0.2-1","onshore",NA,NA,0
"1119","PCR vs. Zooscan","arcsinsqrt","Salpida","0.2-1","All",NA,NA,0
"1120","PCR vs. Zooscan","arcsinsqrt","Salpida","1-2","offshore",NA,NA,0
"1121","PCR vs. Zooscan","arcsinsqrt","Salpida","1-2","onshore",NA,NA,0
"1122","PCR vs. Zooscan","arcsinsqrt","Salpida","1-2","All",NA,NA,0
"1123","PCR vs. Zooscan","arcsinsqrt","Salpida","All","offshore",NA,NA,0
"1124","PCR vs. Zooscan","arcsinsqrt","Salpida","All","onshore",NA,NA,0
"1125","PCR vs. Zooscan","arcsinsqrt","Salpida","All","All",NA,NA,0
"cor243","PCR vs. Zooscan","arcsinsqrt","All","0.2-1","offshore",0.000339401178264178,0.824125424083889,148
"cor244","PCR vs. Zooscan","arcsinsqrt","All","0.2-1","onshore",0.0103590908987398,0.241925371534972,134
"cor245","PCR vs. Zooscan","arcsinsqrt","All","0.2-1","All",0.00400069700138765,0.289823722265775,282
"cor246","PCR vs. Zooscan","arcsinsqrt","All","1-2","offshore",4.77906040451619e-05,0.938761475886217,126
"cor247","PCR vs. Zooscan","arcsinsqrt","All","1-2","onshore",0.000121223747829214,0.894341462705221,148
"cor248","PCR vs. Zooscan","arcsinsqrt","All","1-2","All",0.000240620746379853,0.798251943553656,274
"cor249","PCR vs. Zooscan","arcsinsqrt","All","All","offshore",0.000120549630481424,0.856432089787065,274
"cor250","PCR vs. Zooscan","arcsinsqrt","All","All","onshore",0.00191670309534807,0.463997854072758,282
"cor251","PCR vs. Zooscan","arcsinsqrt","All","All","All",0.000688464387614102,0.536963611726766,556
"cor252","Raw vs. Zooscan","none","Calanoida","0.2-1","offshore",3.33327597025625e-05,0.9699747749254,45
"cor253","Raw vs. Zooscan","none","Calanoida","0.2-1","onshore",0.000153647880332203,0.933360303597269,48
"cor254","Raw vs. Zooscan","none","Calanoida","0.2-1","All",1.94261065306647e-05,0.966554675192532,93
"cor255","Raw vs. Zooscan","none","Calanoida","1-2","offshore",0.00493765194724977,0.679410759381021,37
"cor256","Raw vs. Zooscan","none","Calanoida","1-2","onshore",0.00892966897623647,0.522908532748514,48
"cor257","Raw vs. Zooscan","none","Calanoida","1-2","All",0.00411417951395235,0.559755980848962,85
"cor258","Raw vs. Zooscan","none","Calanoida","All","offshore",0.00132680249059241,0.745264925696606,82
"cor259","Raw vs. Zooscan","none","Calanoida","All","onshore",0.00343361284717853,0.570647491564239,96
"cor260","Raw vs. Zooscan","none","Calanoida","All","All",0.00184343115876401,0.569319654092458,178
"1126","Raw vs. Zooscan","none","other","0.2-1","offshore",NA,NA,0
"1127","Raw vs. Zooscan","none","other","0.2-1","onshore",NA,NA,0
"1128","Raw vs. Zooscan","none","other","0.2-1","All",NA,NA,0
"1129","Raw vs. Zooscan","none","other","1-2","offshore",NA,NA,0
"1130","Raw vs. Zooscan","none","other","1-2","onshore",NA,NA,0
"1131","Raw vs. Zooscan","none","other","1-2","All",NA,NA,0
"1132","Raw vs. Zooscan","none","other","All","offshore",NA,NA,0
"1133","Raw vs. Zooscan","none","other","All","onshore",NA,NA,0
"1134","Raw vs. Zooscan","none","other","All","All",NA,NA,0
"cor261","Raw vs. Zooscan","none","Eucalanidae","0.2-1","offshore",0.081984412912134,0.640478914253126,5
"cor262","Raw vs. Zooscan","none","Eucalanidae","0.2-1","onshore",0.943200121978495,0.00584625605574773,5
"cor263","Raw vs. Zooscan","none","Eucalanidae","0.2-1","All",0.428815089158925,0.0398926243548375,10
"cor264","Raw vs. Zooscan","none","Eucalanidae","1-2","offshore",0.0043383138351124,0.888425004819381,7
"cor265","Raw vs. Zooscan","none","Eucalanidae","1-2","onshore",0.0615748376143185,0.519713282931264,9
"cor266","Raw vs. Zooscan","none","Eucalanidae","1-2","All",0.02411314567872,0.565796586224254,16
"cor267","Raw vs. Zooscan","none","Eucalanidae","All","offshore",0.00188251726441694,0.893492434377694,12
"cor268","Raw vs. Zooscan","none","Eucalanidae","All","onshore",0.010241414996734,0.73066780337564,14
"cor269","Raw vs. Zooscan","none","Eucalanidae","All","All",0.00122067504644233,0.865450505445981,26
"cor270","Raw vs. Zooscan","none","Euphausiacea","0.2-1","offshore",0.00613838459722887,0.882718699193807,6
"cor271","Raw vs. Zooscan","none","Euphausiacea","0.2-1","onshore",0.406890064589359,0.123221362227502,7
"cor272","Raw vs. Zooscan","none","Euphausiacea","0.2-1","All",0.377000748012118,0.0255892278378999,13
"1135","Raw vs. Zooscan","none","Euphausiacea","1-2","offshore",NA,NA,2
"cor273","Raw vs. Zooscan","none","Euphausiacea","1-2","onshore",0.543917963113099,0.262492058949126,4
"cor274","Raw vs. Zooscan","none","Euphausiacea","1-2","All",0.582730848093123,0.0773669264968377,6
"cor275","Raw vs. Zooscan","none","Euphausiacea","All","offshore",0.0163113885579599,0.763123702593843,8
"cor276","Raw vs. Zooscan","none","Euphausiacea","All","onshore",0.0052458481432853,0.83239989338799,11
"cor277","Raw vs. Zooscan","none","Euphausiacea","All","All",0.0199910347280042,0.563685301717932,19
"cor278","Raw vs. Zooscan","none","Oithonidae","0.2-1","offshore",0.00782248255573066,0.835028793826862,8
"cor279","Raw vs. Zooscan","none","Oithonidae","0.2-1","onshore",0.368521367304588,0.201267806778475,6
"cor280","Raw vs. Zooscan","none","Oithonidae","0.2-1","All",0.239553237126392,0.0756790150491495,14
"1136","Raw vs. Zooscan","none","Oithonidae","1-2","offshore",NA,NA,1
"1137","Raw vs. Zooscan","none","Oithonidae","1-2","onshore",NA,NA,2
"cor281","Raw vs. Zooscan","none","Oithonidae","1-2","All",0.993455462881906,0.0515578075188846,3
"cor282","Raw vs. Zooscan","none","Oithonidae","All","offshore",0.0141387365424261,0.760601774471524,9
"cor283","Raw vs. Zooscan","none","Oithonidae","All","onshore",0.497462900547231,0.0506715514273721,8
"cor284","Raw vs. Zooscan","none","Oithonidae","All","All",0.334430169320667,0.0150253649145476,17
"1138","Raw vs. Zooscan","none","Salpida","0.2-1","offshore",NA,NA,0
"1139","Raw vs. Zooscan","none","Salpida","0.2-1","onshore",NA,NA,0
"1140","Raw vs. Zooscan","none","Salpida","0.2-1","All",NA,NA,0
"1141","Raw vs. Zooscan","none","Salpida","1-2","offshore",NA,NA,0
"1142","Raw vs. Zooscan","none","Salpida","1-2","onshore",NA,NA,0
"1143","Raw vs. Zooscan","none","Salpida","1-2","All",NA,NA,0
"1144","Raw vs. Zooscan","none","Salpida","All","offshore",NA,NA,0
"1145","Raw vs. Zooscan","none","Salpida","All","onshore",NA,NA,0
"1146","Raw vs. Zooscan","none","Salpida","All","All",NA,NA,0
"cor285","Raw vs. Zooscan","none","All","0.2-1","offshore",0.0156242884741434,0.130100525170311,148
"cor286","Raw vs. Zooscan","none","All","0.2-1","onshore",0.0617684769429351,0.00378439045572179,134
"cor287","Raw vs. Zooscan","none","All","0.2-1","All",0.0315780136400441,0.00274678265820902,282
"cor288","Raw vs. Zooscan","none","All","1-2","offshore",0.00442147077524984,0.459436268746699,126
"cor289","Raw vs. Zooscan","none","All","1-2","onshore",0.001027715508705,0.698907928312775,148
"cor290","Raw vs. Zooscan","none","All","1-2","All",0.00124805998164774,0.560371991332866,274
"cor291","Raw vs. Zooscan","none","All","All","offshore",0.00286919691947418,0.377108017938882,274
"cor292","Raw vs. Zooscan","none","All","All","onshore",0.0145439973330303,0.0430124294277446,282
"cor293","Raw vs. Zooscan","none","All","All","All",0.00478419474384551,0.103263162066675,556
"cor294","Raw vs. Zooscan","log10","Calanoida","0.2-1","offshore",4.75825126078999e-05,0.964129945113703,45
"cor295","Raw vs. Zooscan","log10","Calanoida","0.2-1","onshore",0.000120014007381574,0.941089496743705,48
"cor296","Raw vs. Zooscan","log10","Calanoida","0.2-1","All",1.18998801838571e-05,0.973820442298101,93
"cor297","Raw vs. Zooscan","log10","Calanoida","1-2","offshore",0.000951302052606838,0.856198496778624,37
"cor298","Raw vs. Zooscan","log10","Calanoida","1-2","onshore",0.0102130455096383,0.494317218902597,48
"cor299","Raw vs. Zooscan","log10","Calanoida","1-2","All",0.00356129064777524,0.587454701029622,85
"cor300","Raw vs. Zooscan","log10","Calanoida","All","offshore",0.000850373177547407,0.794812164105251,82
"cor301","Raw vs. Zooscan","log10","Calanoida","All","onshore",0.0038466782562047,0.548304301993136,96
"cor302","Raw vs. Zooscan","log10","Calanoida","All","All",0.00167416672542452,0.587628047221515,178
"1147","Raw vs. Zooscan","log10","other","0.2-1","offshore",NA,NA,0
"1148","Raw vs. Zooscan","log10","other","0.2-1","onshore",NA,NA,0
"1149","Raw vs. Zooscan","log10","other","0.2-1","All",NA,NA,0
"1150","Raw vs. Zooscan","log10","other","1-2","offshore",NA,NA,0
"1151","Raw vs. Zooscan","log10","other","1-2","onshore",NA,NA,0
"1152","Raw vs. Zooscan","log10","other","1-2","All",NA,NA,0
"1153","Raw vs. Zooscan","log10","other","All","offshore",NA,NA,0
"1154","Raw vs. Zooscan","log10","other","All","onshore",NA,NA,0
"1155","Raw vs. Zooscan","log10","other","All","All",NA,NA,0
"cor303","Raw vs. Zooscan","log10","Eucalanidae","0.2-1","offshore",0.082372254969135,0.639653758692626,5
"cor304","Raw vs. Zooscan","log10","Eucalanidae","0.2-1","onshore",0.942440998823474,0.0059652697934404,5
"cor305","Raw vs. Zooscan","log10","Eucalanidae","0.2-1","All",0.428222553920929,0.0400774036530534,10
"cor306","Raw vs. Zooscan","log10","Eucalanidae","1-2","offshore",0.00428228568142886,0.889144718517955,7
"cor307","Raw vs. Zooscan","log10","Eucalanidae","1-2","onshore",0.0618512206039698,0.518746870436854,9
"cor308","Raw vs. Zooscan","log10","Eucalanidae","1-2","All",0.024213111809768,0.564982322090797,16
"cor309","Raw vs. Zooscan","log10","Eucalanidae","All","offshore",0.00190624508798774,0.892826696969594,12
"cor310","Raw vs. Zooscan","log10","Eucalanidae","All","onshore",0.00980608046222425,0.736264382079622,14
"cor311","Raw vs. Zooscan","log10","Eucalanidae","All","All",0.00106736800243404,0.874112501614762,26
"cor312","Raw vs. Zooscan","log10","Euphausiacea","0.2-1","offshore",0.00524542518202551,0.89155198935508,6
"cor313","Raw vs. Zooscan","log10","Euphausiacea","0.2-1","onshore",0.409163734493788,0.121845243083281,7
"cor314","Raw vs. Zooscan","log10","Euphausiacea","0.2-1","All",0.376688264998874,0.0256676030814231,13
"1156","Raw vs. Zooscan","log10","Euphausiacea","1-2","offshore",NA,NA,2
"cor315","Raw vs. Zooscan","log10","Euphausiacea","1-2","onshore",0.508248986506729,0.287084165902644,4
"cor316","Raw vs. Zooscan","log10","Euphausiacea","1-2","All",0.547914419777211,0.0924679050597679,6
"cor317","Raw vs. Zooscan","log10","Euphausiacea","All","offshore",0.0159152850252457,0.765955655082433,8
"cor318","Raw vs. Zooscan","log10","Euphausiacea","All","onshore",0.00866950318199704,0.785398420478612,11
"cor319","Raw vs. Zooscan","log10","Euphausiacea","All","All",0.0251111045102011,0.517015223691104,19
"cor320","Raw vs. Zooscan","log10","Oithonidae","0.2-1","offshore",0.0117994723884618,0.797923900627101,8
"cor321","Raw vs. Zooscan","log10","Oithonidae","0.2-1","onshore",0.37601513001904,0.195485286729496,6
"cor322","Raw vs. Zooscan","log10","Oithonidae","0.2-1","All",0.226438170249107,0.0854465441929621,14
"1157","Raw vs. Zooscan","log10","Oithonidae","1-2","offshore",NA,NA,1
"1158","Raw vs. Zooscan","log10","Oithonidae","1-2","onshore",NA,NA,2
"cor323","Raw vs. Zooscan","log10","Oithonidae","1-2","All",0.993656869279571,0.0507565572076932,3
"cor324","Raw vs. Zooscan","log10","Oithonidae","All","offshore",0.012194746269708,0.77730784751977,9
"cor325","Raw vs. Zooscan","log10","Oithonidae","All","onshore",0.505288036159058,0.0480955270107899,8
"cor326","Raw vs. Zooscan","log10","Oithonidae","All","All",0.325437351822549,0.0167887212965059,17
"1159","Raw vs. Zooscan","log10","Salpida","0.2-1","offshore",NA,NA,0
"1160","Raw vs. Zooscan","log10","Salpida","0.2-1","onshore",NA,NA,0
"1161","Raw vs. Zooscan","log10","Salpida","0.2-1","All",NA,NA,0
"1162","Raw vs. Zooscan","log10","Salpida","1-2","offshore",NA,NA,0
"1163","Raw vs. Zooscan","log10","Salpida","1-2","onshore",NA,NA,0
"1164","Raw vs. Zooscan","log10","Salpida","1-2","All",NA,NA,0
"1165","Raw vs. Zooscan","log10","Salpida","All","offshore",NA,NA,0
"1166","Raw vs. Zooscan","log10","Salpida","All","onshore",NA,NA,0
"1167","Raw vs. Zooscan","log10","Salpida","All","All",NA,NA,0
"cor327","Raw vs. Zooscan","log10","All","0.2-1","offshore",0.0193436970140303,0.0918230899381156,148
"cor328","Raw vs. Zooscan","log10","All","0.2-1","onshore",0.0745593866916922,0.00141231665682818,134
"cor329","Raw vs. Zooscan","log10","All","0.2-1","All",0.0375592760211131,0.0010712853723103,282
"cor330","Raw vs. Zooscan","log10","All","1-2","offshore",0.00504838900699668,0.429172661076371,126
"cor331","Raw vs. Zooscan","log10","All","1-2","onshore",0.00148428940990204,0.642007766981553,148
"cor332","Raw vs. Zooscan","log10","All","1-2","All",0.00119544856322945,0.568761569071116,274
"cor333","Raw vs. Zooscan","log10","All","All","offshore",0.00248290456249124,0.411331722141711,274
"cor334","Raw vs. Zooscan","log10","All","All","onshore",0.017113919992426,0.0280536941692217,282
"cor335","Raw vs. Zooscan","log10","All","All","All",0.00487144124227578,0.100163778848993,556
"cor336","Raw vs. Zooscan","arcsinsqrt","Calanoida","0.2-1","offshore",7.75087384238551e-06,0.985518889043004,45
"cor337","Raw vs. Zooscan","arcsinsqrt","Calanoida","0.2-1","onshore",0.000346484355881232,0.900069468692112,48
"cor338","Raw vs. Zooscan","arcsinsqrt","Calanoida","0.2-1","All",6.99815595220892e-09,0.999365020904225,93
"cor339","Raw vs. Zooscan","arcsinsqrt","Calanoida","1-2","offshore",0.00482412389309518,0.682923474975621,37
"cor340","Raw vs. Zooscan","arcsinsqrt","Calanoida","1-2","onshore",0.0107491535275393,0.483139406334413,48
"cor341","Raw vs. Zooscan","arcsinsqrt","Calanoida","1-2","All",0.00156093207039561,0.719596157350882,85
"cor342","Raw vs. Zooscan","arcsinsqrt","Calanoida","All","offshore",0.00103992212332062,0.773646627383266,82
"cor343","Raw vs. Zooscan","arcsinsqrt","Calanoida","All","onshore",0.00594270549847483,0.45534612191583,96
"cor344","Raw vs. Zooscan","arcsinsqrt","Calanoida","All","All",0.00255909841821906,0.50247767886895,178
"1168","Raw vs. Zooscan","arcsinsqrt","other","0.2-1","offshore",NA,NA,0
"1169","Raw vs. Zooscan","arcsinsqrt","other","0.2-1","onshore",NA,NA,0
"1170","Raw vs. Zooscan","arcsinsqrt","other","0.2-1","All",NA,NA,0
"1171","Raw vs. Zooscan","arcsinsqrt","other","1-2","offshore",NA,NA,0
"1172","Raw vs. Zooscan","arcsinsqrt","other","1-2","onshore",NA,NA,0
"1173","Raw vs. Zooscan","arcsinsqrt","other","1-2","All",NA,NA,0
"1174","Raw vs. Zooscan","arcsinsqrt","other","All","offshore",NA,NA,0
"1175","Raw vs. Zooscan","arcsinsqrt","other","All","onshore",NA,NA,0
"1176","Raw vs. Zooscan","arcsinsqrt","other","All","All",NA,NA,0
"cor345","Raw vs. Zooscan","arcsinsqrt","Eucalanidae","0.2-1","offshore",0.106721005879212,0.591577326989566,5
"cor346","Raw vs. Zooscan","arcsinsqrt","Eucalanidae","0.2-1","onshore",0.691735030901561,0.080752781710922,5
"cor347","Raw vs. Zooscan","arcsinsqrt","Eucalanidae","0.2-1","All",0.282460359389343,0.113884406594592,10
"cor348","Raw vs. Zooscan","arcsinsqrt","Eucalanidae","1-2","offshore",0.000472842870284854,0.963093352543481,7
"cor349","Raw vs. Zooscan","arcsinsqrt","Eucalanidae","1-2","onshore",0.0820501131065716,0.454902091519749,9
"cor350","Raw vs. Zooscan","arcsinsqrt","Eucalanidae","1-2","All",0.0276111950525864,0.538522526045062,16
"cor351","Raw vs. Zooscan","arcsinsqrt","Eucalanidae","All","offshore",0.00111474901226433,0.917956572679007,12
"cor352","Raw vs. Zooscan","arcsinsqrt","Eucalanidae","All","onshore",0.000263011458669909,0.956117612454513,14
"cor353","Raw vs. Zooscan","arcsinsqrt","Eucalanidae","All","All",0.0058134333665324,0.711234795297655,26
"cor354","Raw vs. Zooscan","arcsinsqrt","Euphausiacea","0.2-1","offshore",4.37423352239391e-05,0.990079446376993,6
"cor355","Raw vs. Zooscan","arcsinsqrt","Euphausiacea","0.2-1","onshore",0.37374649095102,0.144671341234601,7
"cor356","Raw vs. Zooscan","arcsinsqrt","Euphausiacea","0.2-1","All",0.315650965334555,0.0456907331670806,13
"1177","Raw vs. Zooscan","arcsinsqrt","Euphausiacea","1-2","offshore",NA,NA,2
"cor357","Raw vs. Zooscan","arcsinsqrt","Euphausiacea","1-2","onshore",0.285442871695965,0.465731461064789,4
"cor358","Raw vs. Zooscan","arcsinsqrt","Euphausiacea","1-2","All",0.374174913206577,0.196893518636558,6
"cor359","Raw vs. Zooscan","arcsinsqrt","Euphausiacea","All","offshore",0.00259242315124933,0.904697658794378,8
"cor360","Raw vs. Zooscan","arcsinsqrt","Euphausiacea","All","onshore",0.0239352980497259,0.649681193837596,11
"cor361","Raw vs. Zooscan","arcsinsqrt","Euphausiacea","All","All",0.0540002530058944,0.338392479962787,19
"cor362","Raw vs. Zooscan","arcsinsqrt","Oithonidae","0.2-1","offshore",0.0259275522425456,0.703264836661255,8
"cor363","Raw vs. Zooscan","arcsinsqrt","Oithonidae","0.2-1","onshore",0.492803543994501,0.119974451098635,6
"cor364","Raw vs. Zooscan","arcsinsqrt","Oithonidae","0.2-1","All",0.192666369908636,0.116376126931902,14
"1178","Raw vs. Zooscan","arcsinsqrt","Oithonidae","1-2","offshore",NA,NA,1
"1179","Raw vs. Zooscan","arcsinsqrt","Oithonidae","1-2","onshore",NA,NA,2
"cor365","Raw vs. Zooscan","arcsinsqrt","Oithonidae","1-2","All",0.984795228441741,0.0787003780282487,3
"cor366","Raw vs. Zooscan","arcsinsqrt","Oithonidae","All","offshore",0.0719366131622857,0.485310582733827,9
"cor367","Raw vs. Zooscan","arcsinsqrt","Oithonidae","All","onshore",0.639202546044936,0.0172414196642585,8
"cor368","Raw vs. Zooscan","arcsinsqrt","Oithonidae","All","All",0.380013945162582,0.00840339836912952,17
"1180","Raw vs. Zooscan","arcsinsqrt","Salpida","0.2-1","offshore",NA,NA,0
"1181","Raw vs. Zooscan","arcsinsqrt","Salpida","0.2-1","onshore",NA,NA,0
"1182","Raw vs. Zooscan","arcsinsqrt","Salpida","0.2-1","All",NA,NA,0
"1183","Raw vs. Zooscan","arcsinsqrt","Salpida","1-2","offshore",NA,NA,0
"1184","Raw vs. Zooscan","arcsinsqrt","Salpida","1-2","onshore",NA,NA,0
"1185","Raw vs. Zooscan","arcsinsqrt","Salpida","1-2","All",NA,NA,0
"1186","Raw vs. Zooscan","arcsinsqrt","Salpida","All","offshore",NA,NA,0
"1187","Raw vs. Zooscan","arcsinsqrt","Salpida","All","onshore",NA,NA,0
"1188","Raw vs. Zooscan","arcsinsqrt","Salpida","All","All",NA,NA,0
"cor369","Raw vs. Zooscan","arcsinsqrt","All","0.2-1","offshore",0.0283344125283657,0.040849436418341,148
"cor370","Raw vs. Zooscan","arcsinsqrt","All","0.2-1","onshore",0.104468491475535,0.000139414364412765,134
"cor371","Raw vs. Zooscan","arcsinsqrt","All","0.2-1","All",0.053364158490128,9.03598059412729e-05,282
"cor372","Raw vs. Zooscan","arcsinsqrt","All","1-2","offshore",0.00289796907130666,0.549383889907826,126
"cor373","Raw vs. Zooscan","arcsinsqrt","All","1-2","onshore",0.00129323865818085,0.664344346088325,148
"cor374","Raw vs. Zooscan","arcsinsqrt","All","1-2","All",0.000500714141031085,0.712312445289791,274
"cor375","Raw vs. Zooscan","arcsinsqrt","All","All","offshore",0.00222189383097708,0.437087566257533,274
"cor376","Raw vs. Zooscan","arcsinsqrt","All","All","onshore",0.0203435803745329,0.0165385627675131,282
"cor377","Raw vs. Zooscan","arcsinsqrt","All","All","All",0.00568624749417792,0.0756333616409302,556
